Graph: TestSummaryChart, For Y Axis : Throughput Rate (fps)
X-Axis Category, Throughput, Theoretical Throughput
Trial 1-64.0, 1.7670981667E7, 2.97619047619048E7
Trial 1-128.0, 1.4516261317E7, 1.68918918918919E7
Trial 1-200.0, 1.1185926067E7, 1.13636363636364E7
Trial 1-256.0, 9057891.55, 9057971.01449276
Trial 1-350.0, 6598322.033, 6756756.75675676
Trial 1-384.0, 6188064.967, 6188118.81188119
Trial 1-440.0, 5434735.35, 5434782.60869565
Trial 1-448.0, 5341834.0, 5341880.34188034
Trial 1-500.0, 4507171.983, 4807692.30769231
Trial 1-512.0, 4625759.1, 4699248.12030075
Trial 1-1024.0, 2394615.183, 2394636.01532567
Trial 1-1280.0, 1908022.05, 1923076.92307692
Trial 1-1500.0, 1503375.133, 1644736.84210526
Trial 1-1518.0, 1485780.45, 1625487.64629389

Test Summary Table
Frame Size (bytes),Intended Load (%),Offered Load (%),Throughput (%),Aggregated Throughput (fps),Aggregated Theoretical Max (fps),Aggregated Throughput (Mbps),Aggregated Theoretical Max (Mbps)
64,59.375,59.374,59.374,17670981.667,29761904.762,11875,20000
128,85.937,85.936,85.936,14516261.317,16891891.892,17187.4,20000
200,98.437,98.436,98.436,11185926.067,11363636.364,19687.4,20000
256,100,99.999,99.999,9057891.55,9057971.014,20000,20000
350,97.656,97.655,97.655,6598322.033,6756756.757,19531.2,20000
384,100,99.999,99.999,6188064.967,6188118.812,20000,20000
440,100,99.999,99.999,5434735.35,5434782.609,20000,20000
448,100,99.999,99.999,5341834,5341880.342,20000,20000
500,93.75,93.749,93.749,4507171.983,4807692.308,18750,20000
512,98.437,98.436,98.436,4625759.1,4699248.12,19687.4,20000
1024,100,99.999,99.999,2394615.183,2394636.015,20000,20000
1280,99.218,99.217,99.217,1908022.05,1923076.923,19843.6,20000
1500,91.406,91.405,91.405,1503375.133,1644736.842,18281.2,20000
1518,91.406,91.405,91.405,1485780.45,1625487.646,18281.2,20000

Graph: LatencyBar, For Y Axis : Latency (uSec)
X-Axis Category, Min Latency, Avg Latency, Max Latency
64, 64.83, 118.56, 1255.79
128, 55.6, 116.26, 1146.67
200, 53.45, 111.18, 876.29
256, 54.47, 116.67, 813.44
350, 47.08, 103.64, 762.74
384, 47.65, 107.17, 735.83
440, 52.32, 116.22, 745.34
448, 50.4, 116.57, 749.78
500, 44.81, 104.52, 722.4
512, 47.48, 93.62, 827.34
1024, 53.03, 115.0, 779.65
1280, 56.14, 120.05, 814.83
1500, 56.99, 105.82, 793.21
1518, 57.35, 105.74, 820.35

Graph: JitterBar, For Y Axis : Jitter (uSec)
X-Axis Category, Min Jitter, Avg Jitter, Max Jitter
64, 0.0, 27.25, 1160.53
128, 0.0, 31.6, 1051.27
200, 0.0, 34.4, 777.47
256, 0.0, 35.98, 691.11
350, 0.0, 29.0, 644.25
384, 0.0, 27.1, 618.76
440, 0.0, 18.94, 619.52
448, 0.0, 17.5, 613.95
500, 0.0, 3.49, 613.71
512, 0.0, 1.07, 708.51
1024, 0.0, 0.96, 629.74
1280, 0.0, 5.3, 682.87
1500, 0.0, 28.59, 703.72
1518, 0.0, 30.85, 709.84

Advanced Test Summary Table
Frame Size (bytes),Intended Load (%),Offered Load (%),Min Frame Loss (%),Min Latency (uSec),Avg Latency (uSec),Max Latency (uSec),Min Jitter (uSec),Avg Jitter (uSec),Max Jitter (uSec)
64,50,50,0,55.32,104.8,1485.43,0,32.45,1406.33
64,75,74.999,22.2520229196526,105.67,212.67,1947.05,0,23.19,1753.01
64,62.5,62.499,6.95281002448441,84.2,211.91,1779.19,0,26.67,1606.36
64,56.25,56.25,0,59.93,112.25,1098.33,0,28.96,961.95
64,59.375,59.374,0,64.83,118.56,1255.79,0,27.25,1160.53
64,60.937,60.936,5.54148945317191,73.87,211.32,1424.8,0,27.26,1238.8
64,60.156,60.155,1.79291256030735,58.5,165.14,1386.31,0,27.19,1205.25
128,50,50,0,37.99,85.44,772.03,0,42.96,688
128,75,74.999,0,50.09,105.14,1467.65,0,35.48,1381.44
128,87.5,87.499,1.53834429802402,69.92,205.32,1730.91,0,32.17,1547.62
128,81.25,81.249,0,53.24,110.51,924.44,0,32.57,835.35
128,84.375,84.374,0,54.77,112.32,930.42,0,31.95,843.23
128,85.937,85.936,0,55.6,116.26,1146.67,0,31.6,1051.27
128,86.718,86.717,0.623680273214798,72.37,205.99,1746.6,0,32.05,1562.96
200,50,50,0,32.84,79.36,852.56,0,27.17,757.63
200,75,74.999,0,42.44,95.43,780.43,0,38.98,704.19
200,87.5,87.499,0,47.33,104.75,832.89,0,34.84,727.74
200,93.75,93.749,0,50.47,104.78,1027.15,0,35.76,943.91
200,96.875,96.874,0,51.66,109.26,1042.53,0,34.82,940.91
200,98.437,98.436,0,53.45,111.18,876.29,0,34.4,777.47
200,99.218,99.217,0.163629400538471,74.87,183.03,944.17,0,34.6,751.48
256,50,50,0,33.64,79.05,858.52,0,0.72,746.09
256,75,74.999,0,40.47,86.83,910.92,0,35.41,820.13
256,87.5,87.499,0,44.28,93.22,765.7,0,37.04,682.43
256,93.75,93.749,0,45.13,103.48,793.32,0,35.37,685.48
256,96.875,96.874,0,49.02,107.03,953.94,0,34.93,865.13
256,98.437,98.436,0,49.02,104.27,989.85,0,35.93,890.58
256,99.218,99.217,0,50.72,105.13,792.89,0,35.55,701.17
256,100,99.999,0,54.47,116.67,813.44,0,35.98,691.11
350,50,50,0,33.77,79.99,842.4,0,38.47,789.36
350,75,74.999,0,38.49,81.91,871.8,0,15.38,762.89
350,87.5,87.499,0,43.39,88.29,718.89,0,23.93,610.67
350,93.75,93.749,0,44.82,94.13,736.23,0,29.45,645.7
350,96.875,96.874,0,46.45,102.6,917.34,0,28.61,822.88
350,98.437,98.436,0.000146592486591793,46.99,104.35,4359.22,0,29.46,4249.98
350,97.656,97.655,0,47.08,103.64,762.74,0,29,644.25
384,50,50,0,33.9,78.48,665.79,0,41.4,618.29
384,75,74.999,0,39.59,85.1,745.66,0,0.82,631.43
384,87.5,87.499,0,43.3,92.13,902.1,0,20.33,794.49
384,93.75,93.749,0,45.63,91.04,720.25,0,23.6,621.66
384,96.875,96.874,0,45.6,92.13,740.69,0,23.04,633.35
384,98.437,98.436,0,45.73,93.05,900.4,0,23.84,796.18
384,99.218,99.217,0,45.54,93.75,915.76,0,25.65,807.09
384,100,99.999,0,47.65,107.17,735.83,0,27.1,618.76
440,50,50,0,33.69,75.85,666.55,0,44.55,612.27
440,75,74.999,0,40.31,85.07,807.16,0,10.86,731.28
440,87.5,87.499,0,42.55,88.35,863.67,0,0.89,749.5
440,93.75,93.749,0,43.77,91.04,712.54,0,15.15,609.38
440,96.875,96.874,0,46.49,97.01,720.78,0,17.16,597.32
440,98.437,98.436,0,46.35,99.39,907.11,0,17.83,780.03
440,99.218,99.217,0,47.66,101.49,817.77,0,18.23,712.07
440,100,99.999,0,52.32,116.22,745.34,0,18.94,619.52
448,50,50,0,32.08,75.3,673.5,0,44.9,600.17
448,75,74.999,0,40.57,84.03,837.48,0,13.36,792.77
448,87.5,87.499,0,43.86,88.13,841.77,0,0.9,727.22
448,93.75,93.749,0,43.35,88.01,721.33,0,8.23,620.42
448,96.875,96.874,0,45.28,94.44,712.98,0,16.61,616.69
448,98.437,98.436,0,46.63,97.61,895.09,0,17.05,785.4
448,99.218,99.217,0,47.19,99.51,719.44,0,17.45,609.14
448,100,99.999,0,50.4,116.57,749.78,0,17.5,613.95
500,50,50,0,32.97,85.38,744.14,0,0.66,632.49
500,75,74.999,0,39.32,86.39,841.19,0,34.04,773.68
500,87.5,87.499,0,44.91,93.8,836.36,0,7.38,745.39
500,93.75,93.749,0,44.81,104.52,722.4,0,3.49,613.71
500,96.875,96.874,0.561734658187242,46,107.66,840.12,0,3.46,709.56
500,95.312,95.311,0.216647776703217,43.03,105.72,900.13,0,3.65,775.1
500,94.531,94.53,0.0347392085062565,43.73,105.2,727.97,0,3.73,601.78
512,50,50,0,33.4,84.75,667.86,0,0.66,555.07
512,75,74.999,0,39.74,86.54,671.98,0,34.72,610.5
512,87.5,87.499,0,43.51,92.78,870.47,0,9.92,803.13
512,93.75,93.749,0,46.09,99.73,708.73,0,2.12,593.74
512,96.875,96.874,0,47.25,96.69,714.75,0,1.2,588.73
512,98.437,98.436,0,47.48,93.62,827.34,0,1.07,708.51
512,99.218,99.217,0.0000021447907406495,47.58,93.57,866.97,0,1.06,746.72
1024,50,50,0,36.98,102.94,646.74,0,0.7,529.19
1024,75,74.999,0,47.63,94.58,653.48,0,9.62,537.3
1024,87.5,87.499,0,49.01,102.18,775.66,0,1.14,647.19
1024,93.75,93.749,0,49.52,100.62,825.82,0,1.15,708.99
1024,96.875,96.874,0,49.62,102.01,658.09,0,1.13,534.68
1024,98.437,98.436,0,50.5,102.46,673.56,0,1.13,549.01
1024,99.218,99.217,0,50.34,103.64,829.08,0,1.17,713.04
1024,100,99.999,0,53.03,115,779.65,0,0.96,629.74
1280,50,50,0,42.41,106.96,654.8,0,0.69,535.75
1280,75,74.999,0,48.65,91.7,659.64,0,34.91,599.31
1280,87.5,87.499,0,55.59,102.74,770.66,0,17.7,678.96
1280,93.75,93.749,0,55.61,107.73,778.31,0,10.09,630.94
1280,96.875,96.874,0,55.57,117.02,691.19,0,7.25,563.9
1280,98.437,98.436,0,55.65,119.73,817.58,0,6.03,693.13
1280,99.218,99.217,0,56.14,120.05,814.83,0,5.3,682.87
1280,100,99.999,0.0000312002667206801,60.22,130,703.03,0,4.43,567.19
1500,50,50,0,46.94,111.32,648.91,0,0.73,525.54
1500,75,74.999,0,46.35,111.38,788.59,0,0.94,664.88
1500,87.5,87.499,0,53.37,101.24,809.15,0,38.8,743.45
1500,93.75,93.749,0.0000010808980529059,57.79,109.86,674.05,0,26.1,570.94
1500,90.625,90.624,0,57.15,104.75,667.08,0,30.15,571.29
1500,92.187,92.186,0.0000010992245124956,58.59,107.16,842.15,0,27.52,724.6
1500,91.406,91.405,0,56.99,105.82,793.21,0,28.59,703.72
1518,50,50,0,47.07,111.83,648.17,0,0.74,527.62
1518,75,74.999,0,46.74,111.96,659.58,0,0.91,536.08
1518,87.5,87.499,0,54.27,102.07,733.95,0,40.33,664.71
1518,93.75,93.749,0.000029529851300137,58.31,108.15,825.2,0,27.41,743.48
1518,90.625,90.624,0,57.04,105.01,682.89,0,32.61,573.01
1518,92.187,92.186,0.0000033367251515246,57.35,106.75,678.72,0,29.66,581.12
1518,91.406,91.405,0,57.35,105.74,820.35,0,30.85,709.84

Trial Summary Table
Trial,Frame Size (bytes),Result,Intended Load (%),Offered Load (%),Throughput (%),Port Name,Throughput (fps),Theoretical Max Throughput (fps),Throughput (Mbps),Theoretical Max Throughput (Mbps),Frame Loss (%),Max Latency Threshold Exceeded,Out of Sequence Threshold Exceeded
1,64,Passed,59.375,59.374,59.374,,17670981.667,29761904.762,11875,20000,0,False,False
,,,,,,Port //1/2,8835476.7,14880952.381,5937.44,10000,,,
,,,,,,Port //1/1,8835504.967,14880952.381,5937.46,10000,,,
1,128,Passed,85.937,85.936,85.936,,14516261.317,16891891.892,17187.4,20000,0,False,False
,,,,,,Port //1/2,7258116.767,8445945.946,8593.61,10000,,,
,,,,,,Port //1/1,7258144.55,8445945.946,8593.64,10000,,,
1,200,Passed,98.437,98.436,98.436,,11185926.067,11363636.364,19687.4,20000,0,False,False
,,,,,,Port //1/2,5592954.317,5681818.182,9843.6,10000,,,
,,,,,,Port //1/1,5592971.75,5681818.182,9843.63,10000,,,
1,256,Passed,100,99.999,99.999,,9057891.55,9057971.014,20000,20000,0,False,False
,,,,,,Port //1/2,4528939.4,4528985.507,9999.9,10000,,,
,,,,,,Port //1/1,4528952.15,4528985.507,9999.93,10000,,,
1,350,Passed,97.656,97.655,97.655,,6598322.033,6756756.757,19531.2,20000,0,False,False
,,,,,,Port //1/2,3299155.583,3378378.378,9765.5,10000,,,
,,,,,,Port //1/1,3299166.45,3378378.378,9765.53,10000,,,
1,384,Passed,100,99.999,99.999,,6188064.967,6188118.812,20000,20000,0,False,False
,,,,,,Port //1/2,3094027.5,3094059.406,9999.9,10000,,,
,,,,,,Port //1/1,3094037.467,3094059.406,9999.93,10000,,,
1,440,Passed,100,99.999,99.999,,5434735.35,5434782.609,20000,20000,0,False,False
,,,,,,Port //1/2,2717363.617,2717391.304,9999.9,10000,,,
,,,,,,Port //1/1,2717371.733,2717391.304,9999.93,10000,,,
1,448,Passed,100,99.999,99.999,,5341834,5341880.342,20000,20000,0,False,False
,,,,,,Port //1/2,2670912.883,2670940.171,9999.9,10000,,,
,,,,,,Port //1/1,2670921.117,2670940.171,9999.93,10000,,,
1,500,Passed,93.75,93.749,93.749,,4507171.983,4807692.308,18750,20000,0,False,False
,,,,,,Port //1/2,2253582.133,2403846.154,9374.9,10000,,,
,,,,,,Port //1/1,2253589.85,2403846.154,9374.93,10000,,,
1,512,Passed,98.437,98.436,98.436,,4625759.1,4699248.12,19687.4,20000,0,False,False
,,,,,,Port //1/2,2312876.35,2349624.06,9843.6,10000,,,
,,,,,,Port //1/1,2312882.75,2349624.06,9843.63,10000,,,
1,1024,Passed,100,99.999,99.999,,2394615.183,2394636.015,20000,20000,0,False,False
,,,,,,Port //1/2,1197305.8,1197318.008,9999.9,10000,,,
,,,,,,Port //1/1,1197309.383,1197318.008,9999.93,10000,,,
1,1280,Passed,99.218,99.217,99.217,,1908022.05,1923076.923,19843.6,20000,0,False,False
,,,,,,Port //1/2,954009.683,961538.462,9921.7,10000,,,
,,,,,,Port //1/1,954012.367,961538.462,9921.73,10000,,,
1,1500,Passed,91.406,91.405,91.405,,1503375.133,1644736.842,18281.2,20000,0,False,False
,,,,,,Port //1/2,751686.467,822368.421,9140.51,10000,,,
,,,,,,Port //1/1,751688.667,822368.421,9140.53,10000,,,
1,1518,Passed,91.406,91.405,91.405,,1485780.45,1625487.646,18281.2,20000,0,False,False
,,,,,,Port //1/2,742889.117,812743.823,9140.51,10000,,,
,,,,,,Port //1/1,742891.333,812743.823,9140.53,10000,,,

iMIX Distributions Table
iMIX Distribution,Frame Length Mode,IP Total Length,Default Ethernet,POS Length,Weight,Percentage (%)
N/A,N/A,N/A,N/A,N/A,N/A,N/A

\2544-Tput-Summary_2010-11-11_12-08-12.db\RFC 2544 Test Result Summary View\Trial: 1

Trial Number,Frame Size Type,Configured Frame Size,Avg Frame Size,iMIX Distribution,Intended Load (%),Offered Load (%),Result,Throughput (%),Max Latency Threshold Exceeded,Out Of Seq Threshold Exceeded,Tx Frame Count,Rx Frame Count,Frame Loss,Percent Loss,Offered Load (fps),Forwarding Rate (fps),Minimum Latency (us),Maximum Latency (us),Average Latency (us),Minimum Jitter (us),Maximum Jitter (us),Average Jitter (us),Out Of Sequence Count,Flood Frame Count,Unexpected Rx Signature Frames,Duration(sec)
1,Fixed,64.0,64.0,N/A,59.375,59.374,Passed,59.374,False,False,1060258900,1060258900,0,0.0,17670981.667,17670986.27,64.83,1255.79,118.56,0.0,1160.53,27.25,0,0,No,60.0
1,Fixed,128.0,128.0,N/A,85.937,85.936,Passed,85.936,False,False,870975679,870975679,0,0.0,14516261.317,14516262.29,55.6,1146.67,116.26,0.0,1051.27,31.6,0,0,No,60.0
1,Fixed,200.0,200.0,N/A,98.437,98.436,Passed,98.436,False,False,671155564,671155564,0,0.0,11185926.067,11185928.77,53.45,876.29,111.18,0.0,777.47,34.4,0,0,No,60.0
1,Fixed,256.0,256.0,N/A,100.0,99.999,Passed,99.999,False,False,543473493,543473493,0,0.0,9057891.55,9057893.59,54.47,813.44,116.67,0.0,691.11,35.98,0,0,No,60.0
1,Fixed,350.0,350.0,N/A,97.656,97.655,Passed,97.655,False,False,395899322,395899322,0,0.0,6598322.033,6598322.38,47.08,762.74,103.64,0.0,644.25,29.0,0,0,No,60.0
1,Fixed,384.0,384.0,N/A,100.0,99.999,Passed,99.999,False,False,371283898,371283898,0,0.0,6188064.967,6188066.71,47.65,735.83,107.17,0.0,618.76,27.1,0,0,No,60.0
1,Fixed,440.0,440.0,N/A,100.0,99.999,Passed,99.999,False,False,326084121,326084121,0,0.0,5434735.35,5434735.97,52.32,745.34,116.22,0.0,619.52,18.94,0,0,No,60.0
1,Fixed,448.0,448.0,N/A,100.0,99.999,Passed,99.999,False,False,320510040,320510040,0,0.0,5341834.0,5341833.69,50.4,749.78,116.57,0.0,613.95,17.5,0,0,No,60.0
1,Fixed,500.0,500.0,N/A,93.75,93.749,Passed,93.749,False,False,270430319,270430319,0,0.0,4507171.983,4507171.33,44.81,722.4,104.52,0.0,613.71,3.49,0,0,No,60.0
1,Fixed,512.0,512.0,N/A,98.437,98.436,Passed,98.436,False,False,277545546,277545546,0,0.0,4625759.1,4625759.26,47.48,827.34,93.62,0.0,708.51,1.07,0,0,No,60.0
1,Fixed,1024.0,1024.0,N/A,100.0,99.999,Passed,99.999,False,False,143676911,143676911,0,0.0,2394615.183,2394615.49,53.03,779.65,115.0,0.0,629.74,0.96,0,0,No,60.0
1,Fixed,1280.0,1280.0,N/A,99.218,99.217,Passed,99.217,False,False,114481323,114481323,0,0.0,1908022.05,1908021.86,56.14,814.83,120.05,0.0,682.87,5.3,0,0,No,60.0
1,Fixed,1500.0,1500.0,N/A,91.406,91.405,Passed,91.405,False,False,90202508,90202508,0,0.0,1503375.133,1503375.25,56.99,793.21,105.82,0.0,703.72,28.59,0,0,No,60.0
1,Fixed,1518.0,1518.0,N/A,91.406,91.405,Passed,91.405,False,False,89146827,89146827,0,0.0,1485780.45,1485780.52,57.35,820.35,105.74,0.0,709.84,30.85,0,0,No,60.0
\2544-Tput-Summary_2010-11-11_12-08-12.db\RFC 2544 Throughput Test Result Detailed Summary View

Trial Number,Frame Size Type,Configured Frame Size,Avg Frame Size,iMIX Distribution,Intended Load (%),Offered Load (%),Result,Throughput (%),Max Latency Threshold Exceeded,Out Of Seq Threshold Exceeded,Tx Frame Count,Rx Frame Count,Frame Loss,Percent Loss,Offered Load (fps),Forwarding Rate (fps),Minimum Latency (us),Maximum Latency (us),Average Latency (us),Minimum Jitter (us),Maximum Jitter (us),Average Jitter (us),Out Of Sequence Count,Flood Frame Count,Unexpected Rx Signature Frames,Duration(sec)
1,Fixed,64.0,64.0,N/A,50.0,50.0,Passed,50.0,False,False,892849403,892849403,0,0.0,14880823.383,14880835.19,55.32,1485.43,104.8,0.0,1406.33,32.45,0,0,No,60.0
1,Fixed,64.0,64.0,N/A,75.0,74.999,Failed,50.0,False,False,1339274398,1041258752,298015646,22.2520229196526,22321239.967,17354274.53,105.67,1947.05,212.67,0.0,1753.01,23.19,237163271,0,No,60.0
1,Fixed,64.0,64.0,N/A,62.5,62.499,Failed,50.0,False,False,1116061948,1038464281,77597667,6.95281002448441,18601032.467,17307705.37,84.2,1779.19,211.91,0.0,1606.36,26.67,66331421,0,No,60.0
1,Fixed,64.0,64.0,N/A,56.25,56.25,Passed,56.25,False,False,1004455572,1004455572,0,0.0,16740926.2,16740935.19,59.93,1098.33,112.25,0.0,961.95,28.96,0,0,No,60.0
1,Fixed,64.0,64.0,N/A,59.375,59.374,Passed,59.374,False,False,1060258900,1060258900,0,0.0,17670981.667,17670986.27,64.83,1255.79,118.56,0.0,1160.53,27.25,0,0,No,60.0
1,Fixed,64.0,64.0,N/A,60.937,60.936,Failed,59.374,False,False,1088151471,1027851672,60299799,5.54148945317191,18135857.85,17130826.24,73.87,1424.8,211.32,0.0,1238.8,27.26,44812567,0,No,60.0
1,Fixed,64.0,64.0,N/A,60.156,60.155,Failed,59.374,False,False,1074205091,1054945533,19259558,1.79291256030735,17903418.183,17582395.15,58.5,1386.31,165.14,0.0,1205.25,27.19,14673465,0,No,60.0
1,Fixed,128.0,128.0,N/A,50.0,50.0,Passed,50.0,False,False,506752391,506752391,0,0.0,8445873.183,8445874.47000001,37.99,772.03,85.44,0.0,688.0,42.96,0,0,No,60.0
1,Fixed,128.0,128.0,N/A,75.0,74.999,Passed,74.999,False,False,760128657,760128657,0,0.0,12668810.95,12668810.66,50.09,1467.65,105.14,0.0,1381.44,35.48,0,0,No,60.0
1,Fixed,128.0,128.0,N/A,87.5,87.499,Failed,74.999,False,False,886816626,873174333,13642293,1.53834429802402,14780277.1,14552890.44,69.92,1730.91,205.32,0.0,1547.62,32.17,13599376,0,No,60.0
1,Fixed,128.0,128.0,N/A,81.25,81.249,Passed,81.249,False,False,823472718,823472718,0,0.0,13724545.3,13724546.67,53.24,924.44,110.51,0.0,835.35,32.57,0,0,No,60.0
1,Fixed,128.0,128.0,N/A,84.375,84.374,Passed,84.374,False,False,855144771,855144771,0,0.0,14252412.85,14252415.76,54.77,930.42,112.32,0.0,843.23,31.95,0,0,No,60.0
1,Fixed,128.0,128.0,N/A,85.937,85.936,Passed,85.936,False,False,870975679,870975679,0,0.0,14516261.317,14516262.29,55.6,1146.67,116.26,0.0,1051.27,31.6,0,0,No,60.0
1,Fixed,128.0,128.0,N/A,86.718,86.717,Failed,85.936,False,False,878891194,873409723,5481471,0.623680273214798,14648186.567,14556810.37,72.37,1746.6,205.99,0.0,1562.96,32.05,5475942,0,No,60.0
1,Fixed,200.0,200.0,N/A,50.0,50.0,Passed,50.0,False,False,340906130,340906130,0,0.0,5681768.833,5681770.4,32.84,852.56,79.36,0.0,757.63,27.17,0,0,No,60.0
1,Fixed,200.0,200.0,N/A,75.0,74.999,Passed,74.999,False,False,511359222,511359222,0,0.0,8522653.7,8522657.38,42.44,780.43,95.43,0.0,704.19,38.98,0,0,No,60.0
1,Fixed,200.0,200.0,N/A,87.5,87.499,Passed,87.499,False,False,596585835,596585835,0,0.0,9943097.25,9943098.26,47.33,832.89,104.75,0.0,727.74,34.84,0,0,No,60.0
1,Fixed,200.0,200.0,N/A,93.75,93.749,Passed,93.749,False,False,639199130,639199130,0,0.0,10653318.833,10653320.34,50.47,1027.15,104.78,0.0,943.91,35.76,0,0,No,60.0
1,Fixed,200.0,200.0,N/A,96.875,96.874,Passed,96.874,False,False,660505714,660505714,0,0.0,11008428.567,11008428.98,51.66,1042.53,109.26,0.0,940.91,34.82,0,0,No,60.0
1,Fixed,200.0,200.0,N/A,98.437,98.436,Passed,98.436,False,False,671155564,671155564,0,0.0,11185926.067,11185928.77,53.45,876.29,111.18,0.0,777.47,34.4,0,0,No,60.0
1,Fixed,200.0,200.0,N/A,99.218,99.217,Failed,98.436,False,False,676480508,675373587,1106921,0.163629400538471,11274675.133,11256213.51,74.87,944.17,183.03,0.0,751.48,34.6,1072840,0,No,60.0
1,Fixed,256.0,256.0,N/A,50.0,50.0,Passed,50.0,False,False,271736811,271736811,0,0.0,4528946.85,4528946.56,33.64,858.52,79.05,0.0,746.09,0.72,0,0,No,60.0
1,Fixed,256.0,256.0,N/A,75.0,74.999,Passed,74.999,False,False,407605265,407605265,0,0.0,6793421.083,6793420.69,40.47,910.92,86.83,0.0,820.13,35.41,0,0,No,60.0
1,Fixed,256.0,256.0,N/A,87.5,87.499,Passed,87.499,False,False,475539346,475539346,0,0.0,7925655.767,7925658.00000001,44.28,765.7,93.22,0.0,682.43,37.04,0,0,No,60.0
1,Fixed,256.0,256.0,N/A,93.75,93.749,Passed,93.749,False,False,509506563,509506563,0,0.0,8491776.05,8491775.85,45.13,793.32,103.48,0.0,685.48,35.37,0,0,No,60.0
1,Fixed,256.0,256.0,N/A,96.875,96.874,Passed,96.874,False,False,526490095,526490095,0,0.0,8774834.917,8774834.01,49.02,953.94,107.03,0.0,865.13,34.93,0,0,No,60.0
1,Fixed,256.0,256.0,N/A,98.437,98.436,Passed,98.436,False,False,534979089,534979089,0,0.0,8916318.15,8916318.3,49.02,989.85,104.27,0.0,890.58,35.93,0,0,No,60.0
1,Fixed,256.0,256.0,N/A,99.218,99.217,Passed,99.217,False,False,539223618,539223618,0,0.0,8987060.3,8987061.27,50.72,792.89,105.13,0.0,701.17,35.55,0,0,No,60.0
1,Fixed,256.0,256.0,N/A,100.0,99.999,Passed,99.999,False,False,543473493,543473493,0,0.0,9057891.55,9057893.59,54.47,813.44,116.67,0.0,691.11,35.98,0,0,No,60.0
1,Fixed,350.0,350.0,N/A,50.0,50.0,Passed,50.0,False,False,202700911,202700911,0,0.0,3378348.517,3378349.4,33.77,842.4,79.99,0.0,789.36,38.47,0,0,No,60.0
1,Fixed,350.0,350.0,N/A,75.0,74.999,Passed,74.999,False,False,304051430,304051430,0,0.0,5067523.833,5067524.49,38.49,871.8,81.91,0.0,762.89,15.38,0,0,No,60.0
1,Fixed,350.0,350.0,N/A,87.5,87.499,Passed,87.499,False,False,354726659,354726659,0,0.0,5912110.983,5912111.09,43.39,718.89,88.29,0.0,610.67,23.93,0,0,No,60.0
1,Fixed,350.0,350.0,N/A,93.75,93.749,Passed,93.749,False,False,380064338,380064338,0,0.0,6334405.633,6334405.83,44.82,736.23,94.13,0.0,645.7,29.45,0,0,No,60.0
1,Fixed,350.0,350.0,N/A,96.875,96.874,Passed,96.874,False,False,392733085,392733085,0,0.0,6545551.417,6545553.08,46.45,917.34,102.6,0.0,822.88,28.61,0,0,No,60.0
1,Fixed,350.0,350.0,N/A,98.437,98.436,Failed,96.874,False,False,399065473,399064888,585,0.000146592486591793,6651091.217,6651081.65,46.99,4359.22,104.35,0.0,4249.98,29.46,514,0,No,60.0
1,Fixed,350.0,350.0,N/A,97.656,97.655,Passed,97.655,False,False,395899322,395899322,0,0.0,6598322.033,6598322.38,47.08,762.74,103.64,0.0,644.25,29.0,0,0,No,60.0
1,Fixed,384.0,384.0,N/A,50.0,50.0,Passed,50.0,False,False,185641980,185641980,0,0.0,3094033.0,3094032.99,33.9,665.79,78.48,0.0,618.29,41.4,0,0,No,60.0
1,Fixed,384.0,384.0,N/A,75.0,74.999,Passed,74.999,False,False,278462967,278462967,0,0.0,4641049.45,4641049.78,39.59,745.66,85.1,0.0,631.43,0.82,0,0,No,60.0
1,Fixed,384.0,384.0,N/A,87.5,87.499,Passed,87.499,False,False,324873490,324873490,0,0.0,5414558.167,5414558.84,43.3,902.1,92.13,0.0,794.49,20.33,0,0,No,60.0
1,Fixed,384.0,384.0,N/A,93.75,93.749,Passed,93.749,False,False,348078686,348078686,0,0.0,5801311.433,5801312.49,45.63,720.25,91.04,0.0,621.66,23.6,0,0,No,60.0
1,Fixed,384.0,384.0,N/A,96.875,96.874,Passed,96.874,False,False,359681319,359681319,0,0.0,5994688.65,5994689.0,45.6,740.69,92.13,0.0,633.35,23.04,0,0,No,60.0
1,Fixed,384.0,384.0,N/A,98.437,98.436,Passed,98.436,False,False,365480811,365480811,0,0.0,6091346.85,6091346.84,45.73,900.4,93.05,0.0,796.18,23.84,0,0,No,60.0
1,Fixed,384.0,384.0,N/A,99.218,99.217,Passed,99.217,False,False,368380450,368380450,0,0.0,6139674.167,6139675.66,45.54,915.76,93.75,0.0,807.09,25.65,0,0,No,60.0
1,Fixed,384.0,384.0,N/A,100.0,99.999,Passed,99.999,False,False,371283898,371283898,0,0.0,6188064.967,6188066.71,47.65,735.83,107.17,0.0,618.76,27.1,0,0,No,60.0
1,Fixed,440.0,440.0,N/A,50.0,50.0,Passed,50.0,False,False,163042071,163042071,0,0.0,2717367.85,2717368.2,33.69,666.55,75.85,0.0,612.27,44.55,0,0,No,60.0
1,Fixed,440.0,440.0,N/A,75.0,74.999,Passed,74.999,False,False,244563095,244563095,0,0.0,4076051.583,4076052.05,40.31,807.16,85.07,0.0,731.28,10.86,0,0,No,60.0
1,Fixed,440.0,440.0,N/A,87.5,87.499,Passed,87.499,False,False,285323682,285323682,0,0.0,4755394.7,4755394.43,42.55,863.67,88.35,0.0,749.5,0.89,0,0,No,60.0
1,Fixed,440.0,440.0,N/A,93.75,93.749,Passed,93.749,False,False,305703847,305703847,0,0.0,5095064.117,5095065.88,43.77,712.54,91.04,0.0,609.38,15.15,0,0,No,60.0
1,Fixed,440.0,440.0,N/A,96.875,96.874,Passed,96.874,False,False,315893964,315893964,0,0.0,5264899.4,5264901.24,46.49,720.78,97.01,0.0,597.32,17.16,0,0,No,60.0
1,Fixed,440.0,440.0,N/A,98.437,98.436,Passed,98.436,False,False,320987455,320987455,0,0.0,5349790.917,5349790.96,46.35,907.11,99.39,0.0,780.03,17.83,0,0,No,60.0
1,Fixed,440.0,440.0,N/A,99.218,99.217,Passed,99.217,False,False,323534227,323534227,0,0.0,5392237.117,5392237.23,47.66,817.77,101.49,0.0,712.07,18.23,0,0,No,60.0
1,Fixed,440.0,440.0,N/A,100.0,99.999,Passed,99.999,False,False,326084121,326084121,0,0.0,5434735.35,5434735.97,52.32,745.34,116.22,0.0,619.52,18.94,0,0,No,60.0
1,Fixed,448.0,448.0,N/A,50.0,50.0,Passed,50.0,False,False,160255051,160255051,0,0.0,2670917.517,2670917.41,32.08,673.5,75.3,0.0,600.17,44.9,0,0,No,60.0
1,Fixed,448.0,448.0,N/A,75.0,74.999,Passed,74.999,False,False,240382523,240382523,0,0.0,4006375.383,4006375.76,40.57,837.48,84.03,0.0,792.77,13.36,0,0,No,60.0
1,Fixed,448.0,448.0,N/A,87.5,87.499,Passed,87.499,False,False,280446335,280446335,0,0.0,4674105.583,4674105.95,43.86,841.77,88.13,0.0,727.22,0.9,0,0,No,60.0
1,Fixed,448.0,448.0,N/A,93.75,93.749,Passed,93.749,False,False,300478196,300478196,0,0.0,5007969.933,5007970.4,43.35,721.33,88.01,0.0,620.42,8.23,0,0,No,60.0
1,Fixed,448.0,448.0,N/A,96.875,96.874,Passed,96.874,False,False,310494105,310494105,0,0.0,5174901.75,5174902.06,45.28,712.98,94.44,0.0,616.69,16.61,0,0,No,60.0
1,Fixed,448.0,448.0,N/A,98.437,98.436,Passed,98.436,False,False,315500438,315500438,0,0.0,5258340.633,5258341.32,46.63,895.09,97.61,0.0,785.4,17.05,0,0,No,60.0
1,Fixed,448.0,448.0,N/A,99.218,99.217,Passed,99.217,False,False,318003679,318003679,0,0.0,5300061.317,5300061.86,47.19,719.44,99.51,0.0,609.14,17.45,0,0,No,60.0
1,Fixed,448.0,448.0,N/A,100.0,99.999,Passed,99.999,False,False,320510040,320510040,0,0.0,5341834.0,5341833.69,50.4,749.78,116.57,0.0,613.95,17.5,0,0,No,60.0
1,Fixed,500.0,500.0,N/A,50.0,50.0,Passed,50.0,False,False,144229514,144229514,0,0.0,2403825.233,2403825.22,32.97,744.14,85.38,0.0,632.49,0.66,0,0,No,60.0
1,Fixed,500.0,500.0,N/A,75.0,74.999,Passed,74.999,False,False,216344271,216344271,0,0.0,3605737.85,3605738.85,39.32,841.19,86.39,0.0,773.68,34.04,0,0,No,60.0
1,Fixed,500.0,500.0,N/A,87.5,87.499,Passed,87.499,False,False,252401673,252401673,0,0.0,4206694.55,4206695.49,44.91,836.36,93.8,0.0,745.39,7.38,0,0,No,60.0
1,Fixed,500.0,500.0,N/A,93.75,93.749,Passed,93.749,False,False,270430319,270430319,0,0.0,4507171.983,4507171.33,44.81,722.4,104.52,0.0,613.71,3.49,0,0,No,60.0
1,Fixed,500.0,500.0,N/A,96.875,96.874,Failed,93.749,False,False,279444748,277875010,1569738,0.561734658187242,4657412.467,4631249.25,46.0,840.12,107.66,0.0,709.56,3.46,1569736,0,No,60.0
1,Fixed,500.0,500.0,N/A,95.312,95.311,Failed,93.749,False,False,274936124,274340481,595643,0.216647776703217,4582268.733,4572340.73,43.03,900.13,105.72,0.0,775.1,3.65,575193,0,No,60.0
1,Fixed,500.0,500.0,N/A,94.531,94.53,Failed,93.749,False,False,272683242,272588514,94728,0.0347392085062565,4544720.7,4543142.24,43.73,727.97,105.2,0.0,601.78,3.73,94728,0,No,60.0
1,Fixed,512.0,512.0,N/A,50.0,50.0,Passed,50.0,False,False,140976228,140976228,0,0.0,2349603.8,2349603.82,33.4,667.86,84.75,0.0,555.07,0.66,0,0,No,60.0
1,Fixed,512.0,512.0,N/A,75.0,74.999,Passed,74.999,False,False,211464369,211464369,0,0.0,3524406.15,3524405.94,39.74,671.98,86.54,0.0,610.5,34.72,0,0,No,60.0
1,Fixed,512.0,512.0,N/A,87.5,87.499,Passed,87.499,False,False,246708372,246708372,0,0.0,4111806.2,4111807.47,43.51,870.47,92.78,0.0,803.13,9.92,0,0,No,60.0
1,Fixed,512.0,512.0,N/A,93.75,93.749,Passed,93.749,False,False,264330410,264330410,0,0.0,4405506.833,4405507.8,46.09,708.73,99.73,0.0,593.74,2.12,0,0,No,60.0
1,Fixed,512.0,512.0,N/A,96.875,96.874,Passed,96.874,False,False,273141401,273141401,0,0.0,4552356.683,4552357.6,47.25,714.75,96.69,0.0,588.73,1.2,0,0,No,60.0
1,Fixed,512.0,512.0,N/A,98.437,98.436,Passed,98.436,False,False,277545546,277545546,0,0.0,4625759.1,4625759.26,47.48,827.34,93.62,0.0,708.51,1.07,0,0,No,60.0
1,Fixed,512.0,512.0,N/A,99.218,99.217,Failed,98.436,False,False,279747571,279747565,6,2.14479074064954e-06,4662459.517,4662461.49,47.58,866.97,93.57,0.0,746.72,1.06,6,0,No,60.0
1,Fixed,1024.0,1024.0,N/A,50.0,50.0,Passed,50.0,False,False,71838457,71838457,0,0.0,1197307.617,1197307.52,36.98,646.74,102.94,0.0,529.19,0.7,0,0,No,60.0
1,Fixed,1024.0,1024.0,N/A,75.0,74.999,Passed,74.999,False,False,107757678,107757678,0,0.0,1795961.3,1795961.64,47.63,653.48,94.58,0.0,537.3,9.62,0,0,No,60.0
1,Fixed,1024.0,1024.0,N/A,87.5,87.499,Passed,87.499,False,False,125717319,125717319,0,0.0,2095288.65,2095288.52,49.01,775.66,102.18,0.0,647.19,1.14,0,0,No,60.0
1,Fixed,1024.0,1024.0,N/A,93.75,93.749,Passed,93.749,False,False,134697107,134697107,0,0.0,2244951.783,2244951.96,49.52,825.82,100.62,0.0,708.99,1.15,0,0,No,60.0
1,Fixed,1024.0,1024.0,N/A,96.875,96.874,Passed,96.874,False,False,139187040,139187040,0,0.0,2319784.0,2319783.7,49.62,658.09,102.01,0.0,534.68,1.13,0,0,No,60.0
1,Fixed,1024.0,1024.0,N/A,98.437,98.436,Passed,98.436,False,False,141431274,141431274,0,0.0,2357187.9,2357187.63,50.5,673.56,102.46,0.0,549.01,1.13,0,0,No,60.0
1,Fixed,1024.0,1024.0,N/A,99.218,99.217,Passed,99.217,False,False,142553359,142553359,0,0.0,2375889.317,2375888.99,50.34,829.08,103.64,0.0,713.04,1.17,0,0,No,60.0
1,Fixed,1024.0,1024.0,N/A,100.0,99.999,Passed,99.999,False,False,143676911,143676911,0,0.0,2394615.183,2394615.49,53.03,779.65,115.0,0.0,629.74,0.96,0,0,No,60.0
1,Fixed,1280.0,1280.0,N/A,50.0,50.0,Passed,50.0,False,False,57691805,57691805,0,0.0,961530.083,961530.22,42.41,654.8,106.96,0.0,535.75,0.69,0,0,No,60.0
1,Fixed,1280.0,1280.0,N/A,75.0,74.999,Passed,74.999,False,False,86537725,86537725,0,0.0,1442295.417,1442295.41,48.65,659.64,91.7,0.0,599.31,34.91,0,0,No,60.0
1,Fixed,1280.0,1280.0,N/A,87.5,87.499,Passed,87.499,False,False,100960656,100960656,0,0.0,1682677.6,1682677.89,55.59,770.66,102.74,0.0,678.96,17.7,0,0,No,60.0
1,Fixed,1280.0,1280.0,N/A,93.75,93.749,Passed,93.749,False,False,108172140,108172140,0,0.0,1802869.0,1802869.41,55.61,778.31,107.73,0.0,630.94,10.09,0,0,No,60.0
1,Fixed,1280.0,1280.0,N/A,96.875,96.874,Passed,96.874,False,False,111777900,111777900,0,0.0,1862965.0,1862964.63,55.57,691.19,117.02,0.0,563.9,7.25,0,0,No,60.0
1,Fixed,1280.0,1280.0,N/A,98.437,98.436,Passed,98.436,False,False,113580187,113580187,0,0.0,1893003.117,1893002.66,55.65,817.58,119.73,0.0,693.13,6.03,0,0,No,60.0
1,Fixed,1280.0,1280.0,N/A,99.218,99.217,Passed,99.217,False,False,114481323,114481323,0,0.0,1908022.05,1908021.86,56.14,814.83,120.05,0.0,682.87,5.3,0,0,No,60.0
1,Fixed,1280.0,1280.0,N/A,100.0,99.999,Failed,99.217,False,False,115383629,115383593,36,3.12002667206801e-05,1923060.483,1923059.42,60.22,703.03,130.0,0.0,567.19,4.43,36,0,No,60.0
1,Fixed,1500.0,1500.0,N/A,50.0,50.0,Passed,50.0,False,False,49341672,49341672,0,0.0,822361.2,822361.27,46.94,648.91,111.32,0.0,525.54,0.73,0,0,No,60.0
1,Fixed,1500.0,1500.0,N/A,75.0,74.999,Passed,74.999,False,False,74012512,74012512,0,0.0,1233541.867,1233541.87,46.35,788.59,111.38,0.0,664.88,0.94,0,0,No,60.0
1,Fixed,1500.0,1500.0,N/A,87.5,87.499,Passed,87.499,False,False,86347949,86347949,0,0.0,1439132.483,1439132.45,53.37,809.15,101.24,0.0,743.45,38.8,0,0,No,60.0
1,Fixed,1500.0,1500.0,N/A,93.75,93.749,Failed,87.499,False,False,92515663,92515662,1,1.08089805290592e-06,1541927.717,1541927.55,57.79,674.05,109.86,0.0,570.94,26.1,1,0,No,60.0
1,Fixed,1500.0,1500.0,N/A,90.625,90.624,Passed,90.624,False,False,89431800,89431800,0,0.0,1490530.0,1490529.97,57.15,667.08,104.75,0.0,571.29,30.15,0,0,No,60.0
1,Fixed,1500.0,1500.0,N/A,92.187,92.186,Failed,90.624,False,False,90973226,90973225,1,1.09922451249558e-06,1516220.433,1516220.64,58.59,842.15,107.16,0.0,724.6,27.52,1,0,No,60.0
1,Fixed,1500.0,1500.0,N/A,91.406,91.405,Passed,91.405,False,False,90202508,90202508,0,0.0,1503375.133,1503375.25,56.99,793.21,105.82,0.0,703.72,28.59,0,0,No,60.0
1,Fixed,1518.0,1518.0,N/A,50.0,50.0,Passed,50.0,False,False,48764201,48764201,0,0.0,812736.683,812736.84,47.07,648.17,111.83,0.0,527.62,0.74,0,0,No,60.0
1,Fixed,1518.0,1518.0,N/A,75.0,74.999,Passed,74.999,False,False,73146324,73146324,0,0.0,1219105.4,1219105.18,46.74,659.58,111.96,0.0,536.08,0.91,0,0,No,60.0
1,Fixed,1518.0,1518.0,N/A,87.5,87.499,Passed,87.499,False,False,85337361,85337361,0,0.0,1422289.35,1422289.46,54.27,733.95,102.07,0.0,664.71,40.33,0,0,No,60.0
1,Fixed,1518.0,1518.0,N/A,93.75,93.749,Failed,87.499,False,False,91432902,91432875,27,2.9529851300137e-05,1523881.7,1523881.15,58.31,825.2,108.15,0.0,743.48,27.41,27,0,No,60.0
1,Fixed,1518.0,1518.0,N/A,90.625,90.624,Passed,90.624,False,False,88385129,88385129,0,0.0,1473085.483,1473085.55,57.04,682.89,105.01,0.0,573.01,32.61,0,0,No,60.0
1,Fixed,1518.0,1518.0,N/A,92.187,92.186,Failed,90.624,False,False,89908514,89908511,3,3.33672515152458e-06,1498475.233,1498475.41,57.35,678.72,106.75,0.0,581.12,29.66,3,0,No,60.0
1,Fixed,1518.0,1518.0,N/A,91.406,91.405,Passed,91.405,False,False,89146827,89146827,0,0.0,1485780.45,1485780.52,57.35,820.35,105.74,0.0,709.84,30.85,0,0,No,60.0
